{
    "loss": 0.21317629516124725,
    "accuracy": 0.9482758641242981
}