{
    "loss": 0.16858018934726715,
    "accuracy": 0.9568965435028076
}